{"cameraMode":{"drawMode":0,"name":"Shaded","section":"Shading Mode"},"sceneLighting":true,"audioPlay":false,"sceneViewState":{"m_AlwaysRefresh":false,"showFog":true,"showSkybox":true,"showFlares":true,"showImageEffects":true,"showParticleSystems":true,"showVisualEffectGraphs":true,"m_FxEnabled":true},"in2DMode":false,"pivot":{"x":43.121910095214847,"y":41.781192779541019,"z":-24.896442413330079},"rotation":{"x":0.3318882882595062,"y":0.1117076650261879,"z":-0.03962500020861626,"w":0.9358251690864563},"size":12.12435531616211,"orthographic":false}